t_s,temp_c,freq_mhz,volts_core,throttled,load1,mem_free_mb
1,54.8,800,1.3250,0x0,0.14,548
2,54.8,1200,1.3250,0x0,0.13,547
3,54.8,1200,1.3250,0x0,0.13,547
4,54.8,1200,1.3250,0x0,0.13,547
5,54.8,1200,1.3250,0x0,0.13,547
6,54.8,600,1.3250,0x0,0.13,546
7,54.8,700,1.3250,0x0,0.20,546
8,54.8,600,1.3250,0x0,0.20,545
9,54.8,600,1.3250,0x0,0.20,546
10,54.2,600,1.3250,0x0,0.20,546
11,54.2,600,1.3250,0x0,0.18,546
12,54.8,600,1.3250,0x0,0.18,546
13,53.7,700,1.3250,0x0,0.18,546
14,54.2,600,1.3250,0x0,0.18,547
15,54.8,600,1.3250,0x0,0.18,547
17,54.8,600,1.3250,0x0,0.17,547
18,54.8,600,1.3250,0x0,0.17,547
19,54.2,600,1.3250,0x0,0.17,547
20,54.8,600,1.3250,0x0,0.17,547
21,54.8,1200,1.3250,0x0,0.24,547
22,55.3,1200,1.3250,0x0,0.24,546
23,55.8,1200,1.3250,0x0,0.24,547
24,55.8,1200,1.3250,0x0,0.24,547
25,56.9,1200,1.3250,0x0,0.24,547
26,56.9,1200,1.3250,0x0,0.30,546
27,56.9,1200,1.3250,0x0,0.30,546
28,56.9,1200,1.3250,0x0,0.30,546
29,56.9,1200,1.3250,0x0,0.30,546
30,56.9,1200,1.3250,0x0,0.30,546
31,56.9,1200,1.3250,0x0,0.35,546
32,57.5,1200,1.3250,0x0,0.35,546
33,58.0,1200,1.3250,0x0,0.35,546
35,58.0,1200,1.3250,0x0,0.35,545
36,58.0,1200,1.3250,0x0,0.35,545
37,56.9,1200,1.3250,0x0,0.41,545
38,58.0,1200,1.3250,0x0,0.41,545
39,56.9,1200,1.3250,0x0,0.41,545
40,58.0,1200,1.3250,0x0,0.41,545
41,58.0,1200,1.3250,0x0,0.45,545
42,58.0,1200,1.3250,0x0,0.45,545
43,58.0,1200,1.3250,0x0,0.45,545
44,58.0,1200,1.3250,0x0,0.45,545
45,58.0,1200,1.3250,0x0,0.45,546
46,58.0,1200,1.3250,0x0,0.50,546
47,59.1,1200,1.3250,0x0,0.50,545
48,58.0,1200,1.3250,0x0,0.50,545
49,58.5,1200,1.3250,0x0,0.50,545
50,58.0,1200,1.3250,0x0,0.50,546
51,58.5,1200,1.3250,0x0,0.54,546
52,59.1,1200,1.3250,0x0,0.54,546
53,59.1,1200,1.3250,0x0,0.54,545
55,59.1,1200,1.3250,0x0,0.54,545
56,59.1,1200,1.3250,0x0,0.54,545
57,59.1,1200,1.3250,0x0,0.58,545
58,59.1,1200,1.3250,0x0,0.58,545
59,59.1,1200,1.3250,0x0,0.58,545
60,58.5,1200,1.3250,0x0,0.58,545
61,59.1,1200,1.3250,0x0,0.61,545
62,59.1,1200,1.3250,0x0,0.61,545
63,59.1,1200,1.3250,0x0,0.61,545
64,59.1,1200,1.3250,0x0,0.61,545
65,59.6,1200,1.3250,0x0,0.61,545
66,59.6,1200,1.3250,0x0,0.64,545
67,59.1,1200,1.3250,0x0,0.64,545
68,59.1,1200,1.3250,0x0,0.64,545
69,60.1,1200,1.3250,0x0,0.64,545
70,59.1,1200,1.3250,0x0,0.64,544
71,59.1,1200,1.3250,0x0,0.67,545
72,60.1,1200,1.3250,0x0,0.67,545
74,60.1,1200,1.3250,0x0,0.67,545
75,59.6,1200,1.3250,0x0,0.67,546
76,59.1,1200,1.3250,0x0,0.67,545
77,60.1,1200,1.3250,0x0,0.70,545
78,60.1,1200,1.3250,0x0,0.70,545
79,60.1,1200,1.3250,0x0,0.70,546
80,60.1,1200,1.3250,0x0,0.70,545
81,60.1,1200,1.3250,0x0,0.72,545
82,60.1,1200,1.3250,0x0,0.72,545
83,60.1,1200,1.3250,0x0,0.72,546
84,60.7,1200,1.3250,0x0,0.72,546
85,60.1,1200,1.3250,0x0,0.72,546
86,60.1,1200,1.3250,0x0,0.74,547
87,60.1,1200,1.3250,0x0,0.74,547
88,60.1,1200,1.3250,0x0,0.74,547
89,60.7,1200,1.3250,0x0,0.74,548
90,60.1,1200,1.3250,0x0,0.74,548
91,60.7,1200,1.3250,0x0,0.76,548
93,60.7,1200,1.3250,0x0,0.76,547
94,60.1,1200,1.3250,0x0,0.76,547
95,60.7,1200,1.3250,0x0,0.76,547
96,60.7,1200,1.3250,0x0,0.76,547
97,60.7,1200,1.3250,0x0,0.78,547
98,60.7,1200,1.3250,0x0,0.78,547
99,60.1,1200,1.3250,0x0,0.78,547
100,60.1,1200,1.3250,0x0,0.78,547
101,60.7,1200,1.3250,0x0,0.80,547
102,61.2,1200,1.3250,0x0,0.80,547
103,60.7,1200,1.3250,0x0,0.80,547
104,60.7,1200,1.3250,0x0,0.80,547
105,61.2,1200,1.3250,0x0,0.80,547
106,60.7,1200,1.3250,0x0,0.82,546
107,61.2,1200,1.3250,0x0,0.82,547
108,61.2,1200,1.3250,0x0,0.82,547
109,60.7,1200,1.3250,0x0,0.82,547
110,61.2,1200,1.3250,0x0,0.82,546
111,61.2,1200,1.3250,0x0,0.83,546
113,60.7,1200,1.3250,0x0,0.83,546
114,60.7,1200,1.3250,0x0,0.83,547
115,61.2,1200,1.3250,0x0,0.83,546
116,61.2,1200,1.3250,0x0,0.83,546
117,61.2,1200,1.3250,0x0,0.85,547
118,61.2,1200,1.3250,0x0,0.85,547
119,61.2,1200,1.3250,0x0,0.85,547
120,61.2,1200,1.3250,0x0,0.85,547
121,60.7,1200,1.3250,0x0,0.86,547
122,60.7,1200,1.3250,0x0,0.86,547
123,61.2,1200,1.3250,0x0,0.86,547
124,60.7,1200,1.3250,0x0,0.86,547
125,61.2,1200,1.3250,0x0,0.86,547
126,60.1,1200,1.3250,0x0,0.87,547
127,60.7,1200,1.3250,0x0,0.87,547
128,60.7,1200,1.3250,0x0,0.87,547
129,61.2,1200,1.3250,0x0,0.87,547
130,61.2,1200,1.3250,0x0,0.87,548
132,60.7,1200,1.3250,0x0,0.88,547
133,61.2,1200,1.3250,0x0,0.88,547
134,61.2,1200,1.3250,0x0,0.88,548
135,60.7,1200,1.3250,0x0,0.88,548
136,61.2,1200,1.3250,0x0,0.88,547
137,61.2,1200,1.3250,0x0,0.89,547
138,61.2,1200,1.3250,0x0,0.89,547
139,61.2,1200,1.3250,0x0,0.89,547
140,60.7,1200,1.3250,0x0,0.89,547
141,61.2,1200,1.3250,0x0,0.90,547
142,61.2,1200,1.3250,0x0,0.90,547
143,61.8,1200,1.3250,0x0,0.90,547
144,61.2,1200,1.3250,0x0,0.90,547
145,61.8,1200,1.3250,0x0,0.90,547
146,61.8,1200,1.3250,0x0,0.91,547
147,61.8,1200,1.3250,0x0,0.91,547
148,61.8,1200,1.3250,0x0,0.91,547
149,61.8,1200,1.3250,0x0,0.91,547
151,61.8,1200,1.3250,0x0,0.91,546
152,61.2,1200,1.3250,0x0,0.92,546
153,61.2,1200,1.3250,0x0,0.92,546
154,61.8,1200,1.3250,0x0,0.92,545
155,61.8,1200,1.3250,0x0,0.92,545
156,61.2,1200,1.3250,0x0,0.92,545
157,61.2,1200,1.3250,0x0,0.92,545
158,61.2,1200,1.3250,0x0,0.92,545
159,61.2,1200,1.3250,0x0,0.92,545
160,61.2,1200,1.3250,0x0,0.92,545
161,61.2,1200,1.3250,0x0,1.01,545
162,61.8,1200,1.3250,0x0,1.01,545
163,61.2,1200,1.3250,0x0,1.01,545
164,61.2,1200,1.3250,0x0,1.01,545
165,61.8,1200,1.3250,0x0,1.01,545
166,61.8,1200,1.3250,0x0,1.01,545
167,61.2,1200,1.3250,0x0,1.01,545
168,61.8,1200,1.3250,0x0,1.01,545
170,61.8,1200,1.3250,0x0,1.01,545
171,61.2,1200,1.3250,0x0,1.01,545
172,61.8,1200,1.3250,0x0,1.01,545
173,61.8,1200,1.3250,0x0,1.01,544
174,62.3,1200,1.3250,0x0,1.01,545
175,61.8,1200,1.3250,0x0,1.01,545
176,62.3,1200,1.3250,0x0,1.01,545
177,61.2,1200,1.3250,0x0,1.01,545
178,62.3,1200,1.3250,0x0,1.01,544
179,61.8,1200,1.3250,0x0,1.01,544
180,61.8,1200,1.3250,0x0,1.01,545
181,61.8,1200,1.3250,0x0,1.01,545
182,62.3,1200,1.3250,0x0,1.01,545
183,62.3,1200,1.3250,0x0,1.01,545
184,61.2,1200,1.3250,0x0,1.01,545
185,61.8,1200,1.3250,0x0,1.01,546
186,61.2,1200,1.3250,0x0,1.00,546
187,61.2,1200,1.3250,0x0,1.00,547
188,62.3,1200,1.3250,0x0,1.00,547
190,61.8,1200,1.3250,0x0,1.00,548
191,61.8,1200,1.3250,0x0,1.00,548
192,61.8,1200,1.3250,0x0,1.00,547
193,62.3,1200,1.3250,0x0,1.00,548
194,62.3,1200,1.3250,0x0,1.00,547
195,62.3,1200,1.3250,0x0,1.00,548
196,61.8,1200,1.3250,0x0,1.00,548
197,61.8,1200,1.3250,0x0,1.00,548
198,62.3,1200,1.3250,0x0,1.00,548
199,61.8,1200,1.3250,0x0,1.00,548
200,62.3,1200,1.3250,0x0,1.00,548
201,61.8,1200,1.3250,0x0,1.00,548
202,62.3,1200,1.3250,0x0,1.00,548
203,61.8,1200,1.3250,0x0,1.00,547
204,62.3,1200,1.3250,0x0,1.00,547
205,62.3,1200,1.3250,0x0,1.00,548
206,63.9,1200,1.3250,0x0,1.16,548
207,64.5,1200,1.3250,0x0,1.16,548
209,66.1,1200,1.3250,0x0,1.16,548
210,67.1,1200,1.3250,0x0,1.16,548
211,67.7,1200,1.3250,0x0,1.16,548
212,68.8,1200,1.3250,0x0,1.39,548
213,69.8,1200,1.3250,0x0,1.39,548
214,69.8,1200,1.3250,0x0,1.39,548
215,70.4,1200,1.3250,0x0,1.39,548
217,70.4,1200,1.3250,0x0,1.60,548
218,71.4,1200,1.3250,0x0,1.60,548
219,72.0,1200,1.3250,0x0,1.60,548
220,72.0,1200,1.3250,0x0,1.60,548
221,73.1,1200,1.3250,0x0,1.79,547
222,70.9,1200,1.3250,0x0,1.79,547
223,68.8,1200,1.3250,0x0,1.79,548
224,67.1,1200,1.3250,0x0,1.79,548
225,66.6,1200,1.3250,0x0,1.79,556
226,66.6,800,1.3250,0x0,1.65,556
227,65.0,800,1.3250,0x0,1.65,555
228,64.5,800,1.3250,0x0,1.65,555
230,64.5,700,1.3250,0x0,1.65,555
231,64.5,800,1.3250,0x0,1.65,554
232,64.5,800,1.3250,0x0,1.52,554
233,63.4,700,1.3250,0x0,1.52,554
234,63.4,800,1.3250,0x0,1.52,554
235,63.4,800,1.3250,0x0,1.52,553
236,63.4,800,1.3250,0x0,1.52,553
237,63.4,800,1.3250,0x0,1.39,552
238,62.8,800,1.3250,0x0,1.39,552
239,62.8,800,1.3250,0x0,1.39,552
240,62.3,800,1.3250,0x0,1.39,552
241,62.3,800,1.3250,0x0,1.28,552
242,62.3,800,1.3250,0x0,1.28,552
243,62.3,800,1.3250,0x0,1.28,551
244,62.3,700,1.3250,0x0,1.28,551
246,62.3,800,1.3250,0x0,1.28,551
247,62.3,800,1.3250,0x0,1.18,550
248,61.8,800,1.3250,0x0,1.18,550
249,61.8,800,1.3250,0x0,1.18,549
250,62.3,800,1.3250,0x0,1.18,549
251,61.2,800,1.3250,0x0,1.18,549
252,61.2,800,1.3250,0x0,1.09,549
253,61.2,700,1.3250,0x0,1.09,549
254,61.2,700,1.3250,0x0,1.09,549
255,61.2,800,1.3250,0x0,1.09,550
256,61.2,800,1.3250,0x0,1.00,550
257,61.2,800,1.3250,0x0,1.00,550
258,61.2,800,1.3250,0x0,1.00,550
259,61.2,800,1.3250,0x0,1.00,550
260,61.2,800,1.3250,0x0,1.00,550
262,61.2,800,1.3250,0x0,1.00,550
263,61.2,800,1.3250,0x0,1.00,550
264,60.7,800,1.3250,0x0,1.00,550
265,60.1,800,1.3250,0x0,1.00,550
266,60.7,800,1.3250,0x0,1.00,549
267,60.7,700,1.3250,0x0,1.00,549
268,60.7,700,1.3250,0x0,1.00,549
269,60.7,800,1.3250,0x0,1.00,549
270,60.1,800,1.3250,0x0,1.00,549
271,60.1,700,1.3250,0x0,0.92,557
272,60.1,700,1.3250,0x0,0.92,556
273,60.1,700,1.3250,0x0,0.92,555
274,60.1,700,1.3250,0x0,0.92,555
275,59.6,700,1.3250,0x0,0.92,554
277,59.1,700,1.3250,0x0,0.85,554
278,59.6,700,1.3250,0x0,0.85,554
279,59.1,700,1.3250,0x0,0.85,554
280,59.6,700,1.3250,0x0,0.85,553
281,59.1,700,1.3250,0x0,0.85,553
282,59.1,600,1.3250,0x0,0.78,553
283,59.1,700,1.3250,0x0,0.78,552
284,59.1,700,1.3250,0x0,0.78,551
285,60.1,700,1.3250,0x0,0.78,551
286,59.1,700,1.3250,0x0,0.71,551
287,59.1,700,1.3250,0x0,0.71,551
288,59.1,700,1.3250,0x0,0.71,552
289,59.1,1200,1.3250,0x0,0.71,552
290,59.1,1200,1.3250,0x0,0.71,552
291,59.1,1200,1.3250,0x0,0.66,552
293,59.1,1200,1.3250,0x0,0.66,552
294,58.5,700,1.3250,0x0,0.66,552
295,59.1,700,1.3250,0x0,0.66,551
296,58.5,700,1.3250,0x0,0.66,551
297,58.5,700,1.3250,0x0,0.60,551
298,59.1,700,1.3250,0x0,0.60,552
299,59.1,700,1.3250,0x0,0.60,552
300,59.1,700,1.3250,0x0,0.60,551
301,58.5,700,1.3250,0x0,0.64,551
302,58.5,700,1.3250,0x0,0.64,551
303,59.1,700,1.3250,0x0,0.64,550
304,58.5,700,1.3250,0x0,0.64,550
305,58.0,700,1.3250,0x0,0.64,550
306,58.0,700,1.3250,0x0,0.58,550
308,58.0,700,1.3250,0x0,0.58,550
309,58.0,700,1.3250,0x0,0.58,550
310,58.0,700,1.3250,0x0,0.58,550
311,58.0,700,1.3250,0x0,0.58,550
312,58.0,700,1.3250,0x0,0.54,550
313,58.0,700,1.3250,0x0,0.54,550
314,58.0,700,1.3250,0x0,0.54,550
315,57.5,700,1.3250,0x0,0.54,550
316,58.0,700,1.3250,0x0,0.49,551
317,58.0,600,1.3250,0x0,0.49,551
318,58.0,600,1.3250,0x0,0.49,551
319,58.0,700,1.3250,0x0,0.49,551
320,57.5,600,1.3250,0x0,0.49,551
322,57.5,600,1.3250,0x0,0.45,551
323,56.9,600,1.3250,0x0,0.45,551
324,57.5,600,1.3250,0x0,0.45,551
325,57.5,600,1.3250,0x0,0.45,550
326,56.9,600,1.3250,0x0,0.45,551
327,57.5,600,1.3250,0x0,0.42,551
328,56.9,600,1.3250,0x0,0.42,550
329,56.9,600,1.3250,0x0,0.42,550
330,56.9,600,1.3250,0x0,0.42,549
331,56.9,600,1.3250,0x0,0.38,549
332,57.5,700,1.3250,0x0,0.38,550
333,56.9,700,1.3250,0x0,0.38,550
334,57.5,600,1.3250,0x0,0.38,550
336,56.4,600,1.3250,0x0,0.38,550
337,56.9,600,1.3250,0x0,0.35,550
338,56.9,600,1.3250,0x0,0.35,550
339,56.4,600,1.3250,0x0,0.35,549
340,56.9,600,1.3250,0x0,0.35,549
341,56.9,600,1.3250,0x0,0.35,549
342,56.9,600,1.3250,0x0,0.32,549
343,56.4,600,1.3250,0x0,0.32,549
344,56.9,700,1.3250,0x0,0.32,549
345,56.4,600,1.3250,0x0,0.32,549
